"code","date","confirmed","increase","death","recover"
"CHN","2020-01-22",548,-178888,17,28
"CHN","2020-01-23",643,95,18,30
"CHN","2020-01-24",920,277,26,36
"CHN","2020-01-25",1406,486,42,39
"CHN","2020-01-26",2075,669,56,49
"CHN","2020-01-27",2877,802,82,58
"CHN","2020-01-28",5509,2632,131,101
"CHN","2020-01-29",6087,578,133,120
"CHN","2020-01-30",8141,2054,171,135
"CHN","2020-01-31",9802,1661,213,214
"CHN","2020-02-01",11891,2089,259,275
"CHN","2020-02-02",16630,4739,361,463
"CHN","2020-02-03",19716,3086,425,614
"CHN","2020-02-04",23707,3991,491,843
"CHN","2020-02-05",27440,3733,563,1115
"CHN","2020-02-06",30587,3147,633,1477
"CHN","2020-02-07",34110,3523,718,1999
"CHN","2020-02-08",36814,2704,805,2596
"CHN","2020-02-09",39829,3015,905,3219
"CHN","2020-02-10",42354,2525,1012,3918
"CHN","2020-02-11",44386,2032,1112,4636
"CHN","2020-02-12",44759,373,1117,5082
"CHN","2020-02-13",59895,15136,1369,6217
"CHN","2020-02-14",66358,6463,1521,7977
"CHN","2020-02-15",68413,2055,1663,9298
"CHN","2020-02-16",70513,2100,1766,10755
"CHN","2020-02-17",72434,1921,1864,12462
"CHN","2020-02-18",74211,1777,2003,14206
"CHN","2020-02-19",74619,408,2116,15962
"CHN","2020-02-20",75077,458,2238,18014
"CHN","2020-02-21",75550,473,2238,18704
"CHN","2020-02-22",77001,1451,2443,22699
"CHN","2020-02-23",77022,21,2445,23187
"CHN","2020-02-24",77241,219,2595,25015
"CHN","2020-02-25",77754,513,2665,27676
"CHN","2020-02-26",78166,412,2717,30084
"CHN","2020-02-27",78600,434,2746,32930
"CHN","2020-02-28",78928,328,2790,36329
"CHN","2020-02-29",79356,428,2837,39320
"CHN","2020-03-01",79932,576,2872,42162
"CHN","2020-03-02",80136,204,2914,44854
"CHN","2020-03-03",80261,125,2947,47450
"CHN","2020-03-04",80386,125,2983,50001
"CHN","2020-03-05",80537,151,3015,52292
"CHN","2020-03-06",80690,153,3044,53944
"CHN","2020-03-07",80770,80,3072,55539
"CHN","2020-03-08",80823,53,3100,57388
"CHN","2020-03-09",80860,37,3123,58804
"CHN","2020-03-10",80887,27,3139,60181
"CHN","2020-03-11",80921,34,3161,61644
"CHN","2020-03-12",80932,11,3172,62901
"CHN","2020-03-13",80945,13,3180,64196
"CHN","2020-03-14",80977,32,3193,65660
"CHN","2020-03-15",81003,26,3203,67017
"CHN","2020-03-16",81033,30,3217,67910
"CHN","2020-03-17",81058,25,3230,68798
"CHN","2020-03-18",81102,44,3241,69755
"CHN","2020-03-19",81156,54,3249,70535
"CHN","2020-03-20",81250,94,3253,71266
"CHN","2020-03-21",81305,55,3259,71857
"CHN","2020-03-22",81435,130,3274,72362
"CHN","2020-03-23",81498,63,3274,72814
"CHN","2020-03-24",81591,93,3281,73280
"CHN","2020-03-25",81661,70,3285,73773
"CHN","2020-03-26",81782,121,3291,74181
"CHN","2020-03-27",81897,115,3296,74720
"CHN","2020-03-28",81999,102,3299,75100
"CHN","2020-03-29",82122,123,3304,75582
"CHN","2020-03-30",82198,76,3308,75923
"CHN","2020-03-31",82279,81,3309,76206
"CHN","2020-04-01",82361,82,3316,76405
"CHN","2020-04-02",82432,71,3322,76565
"CHN","2020-04-03",82511,79,3326,76760
"CHN","2020-04-04",82543,32,3330,76946
"CHN","2020-04-05",82602,59,3333,77207
"CHN","2020-04-06",82665,63,3335,77310
"CHN","2020-04-07",82718,53,3335,77410
"CHN","2020-04-08",82809,91,3337,77567
"CHN","2020-04-09",82883,74,3339,77679
"CHN","2020-04-10",82941,58,3340,77791
"CHN","2020-04-11",83014,73,3343,77877
"CHN","2020-04-12",83134,120,3343,77956
"CHN","2020-04-13",83213,79,3345,78039
"CHN","2020-04-14",83306,93,3345,78200
"CHN","2020-04-15",83356,50,3346,78311
"CHN","2020-04-16",83403,47,3346,78401
"CHN","2020-04-17",83760,357,4636,77552
"CHN","2020-04-18",83787,27,4636,77614
"CHN","2020-04-19",83805,18,4636,77690
"CHN","2020-04-20",83817,12,4636,77745
"CHN","2020-04-21",83853,36,4636,77799
"CHN","2020-04-22",83868,15,4636,77861
"CHN","2020-04-23",83884,16,4636,77983
"CHN","2020-04-24",83899,15,4636,78109
"CHN","2020-04-25",83909,10,4636,78175
"CHN","2020-04-26",83912,3,4637,78277
"CHN","2020-04-27",83918,6,4637,78374
"CHN","2020-04-28",83940,22,4637,78422
"CHN","2020-04-29",83944,4,4637,78474
"CHN","2020-04-30",83956,12,4637,78523
"CHN","2020-05-01",83959,3,4637,78573
"CHN","2020-05-02",83959,0,4637,78586
"CHN","2020-05-03",83964,5,4637,78684
"CHN","2020-05-04",83966,2,4637,78792
"CHN","2020-05-05",83968,2,4637,78870
"CHN","2020-05-06",83970,2,4637,78929
"CHN","2020-05-07",83975,5,4637,78977
"CHN","2020-05-08",83976,1,4637,78993
"CHN","2020-05-09",83990,14,4637,79127
"CHN","2020-05-10",84010,20,4637,79167
"CHN","2020-05-11",84011,1,4637,79198
"CHN","2020-05-12",84018,7,4637,79222
"CHN","2020-05-13",84024,6,4637,79246
"CHN","2020-05-14",84029,5,4637,79261
"CHN","2020-05-15",84038,9,4637,79281
"CHN","2020-05-16",84044,6,4638,79293
"CHN","2020-05-17",84054,10,4638,79306
"CHN","2020-05-18",84063,9,4638,79310
"CHN","2020-05-19",84063,0,4638,79310
"CHN","2020-05-20",84063,0,4638,79310
"CHN","2020-05-21",84063,0,4638,79310
"CHN","2020-05-22",84081,18,4638,79332
"CHN","2020-05-23",84084,3,4638,79335
"CHN","2020-05-24",84095,11,4638,79343
"CHN","2020-05-25",84102,7,4638,79352
"CHN","2020-05-26",84103,1,4638,79358
"CHN","2020-05-27",84106,3,4638,79367
"CHN","2020-05-28",84106,0,4638,79371
"CHN","2020-05-29",84123,17,4638,79382
"CHN","2020-05-30",84128,5,4638,79386
"CHN","2020-05-31",84146,18,4638,79389
"CHN","2020-06-01",84154,8,4638,79398
"CHN","2020-06-02",84161,7,4638,79400
"CHN","2020-06-03",84160,-1,4638,79404
"CHN","2020-06-04",84171,11,4638,79415
"CHN","2020-06-05",84177,6,4638,79420
"CHN","2020-06-06",84186,9,4638,79424
"CHN","2020-06-07",84191,5,4638,79434
"CHN","2020-06-08",84195,4,4638,79444
"CHN","2020-06-09",84198,3,4638,79451
"CHN","2020-06-10",84209,11,4638,79456
"CHN","2020-06-11",84216,7,4638,79464
"CHN","2020-06-12",84228,12,4638,79472
"CHN","2020-06-13",84286,58,4638,79475
"CHN","2020-06-14",84335,49,4638,79482
"CHN","2020-06-15",84378,43,4638,79489
"ESP","2020-01-22",0,-9,0,0
"ESP","2020-01-23",0,0,0,0
"ESP","2020-01-24",0,0,0,0
"ESP","2020-01-25",0,0,0,0
"ESP","2020-01-26",0,0,0,0
"ESP","2020-01-27",0,0,0,0
"ESP","2020-01-28",0,0,0,0
"ESP","2020-01-29",0,0,0,0
"ESP","2020-01-30",0,0,0,0
"ESP","2020-01-31",0,0,0,0
"ESP","2020-02-01",1,1,0,0
"ESP","2020-02-02",1,0,0,0
"ESP","2020-02-03",1,0,0,0
"ESP","2020-02-04",1,0,0,0
"ESP","2020-02-05",1,0,0,0
"ESP","2020-02-06",1,0,0,0
"ESP","2020-02-07",1,0,0,0
"ESP","2020-02-08",1,0,0,0
"ESP","2020-02-09",2,1,0,0
"ESP","2020-02-10",2,0,0,0
"ESP","2020-02-11",2,0,0,0
"ESP","2020-02-12",2,0,0,0
"ESP","2020-02-13",2,0,0,0
"ESP","2020-02-14",2,0,0,0
"ESP","2020-02-15",2,0,0,2
"ESP","2020-02-16",2,0,0,2
"ESP","2020-02-17",2,0,0,2
"ESP","2020-02-18",2,0,0,2
"ESP","2020-02-19",2,0,0,2
"ESP","2020-02-20",2,0,0,2
"ESP","2020-02-21",2,0,0,2
"ESP","2020-02-22",2,0,0,2
"ESP","2020-02-23",2,0,0,2
"ESP","2020-02-24",2,0,0,2
"ESP","2020-02-25",6,4,0,2
"ESP","2020-02-26",13,7,0,2
"ESP","2020-02-27",15,2,0,2
"ESP","2020-02-28",32,17,0,2
"ESP","2020-02-29",45,13,0,2
"ESP","2020-03-01",84,39,0,2
"ESP","2020-03-02",120,36,0,2
"ESP","2020-03-03",165,45,1,2
"ESP","2020-03-04",222,57,2,2
"ESP","2020-03-05",259,37,3,2
"ESP","2020-03-06",400,141,5,2
"ESP","2020-03-07",500,100,10,30
"ESP","2020-03-08",673,173,17,30
"ESP","2020-03-09",1073,400,28,32
"ESP","2020-03-10",1695,622,35,32
"ESP","2020-03-11",2277,582,54,183
"ESP","2020-03-12",2277,0,55,183
"ESP","2020-03-13",5232,2955,133,193
"ESP","2020-03-14",6391,1159,195,517
"ESP","2020-03-15",7798,1407,289,517
"ESP","2020-03-16",9942,2144,342,530
"ESP","2020-03-17",11748,1806,533,1028
"ESP","2020-03-18",13910,2162,623,1081
"ESP","2020-03-19",17963,4053,830,1107
"ESP","2020-03-20",20410,2447,1043,1588
"ESP","2020-03-21",25374,4964,1375,2125
"ESP","2020-03-22",28768,3394,1772,2575
"ESP","2020-03-23",35136,6368,2311,2575
"ESP","2020-03-24",39885,4749,2808,3794
"ESP","2020-03-25",49515,9630,3647,5367
"ESP","2020-03-26",57786,8271,4365,7015
"ESP","2020-03-27",65719,7933,5138,9357
"ESP","2020-03-28",73235,7516,5982,12285
"ESP","2020-03-29",80110,6875,6803,14709
"ESP","2020-03-30",87956,7846,7716,16780
"ESP","2020-03-31",95923,7967,8464,19259
"ESP","2020-04-01",104118,8195,9387,22647
"ESP","2020-04-02",112065,7947,10348,26743
"ESP","2020-04-03",119199,7134,11198,30513
"ESP","2020-04-04",126168,6969,11947,34219
"ESP","2020-04-05",131646,5478,12641,38080
"ESP","2020-04-06",136675,5029,13341,40437
"ESP","2020-04-07",141942,5267,14045,43208
"ESP","2020-04-08",148220,6278,14792,48021
"ESP","2020-04-09",153222,5002,15447,52165
"ESP","2020-04-10",158273,5051,16081,55668
"ESP","2020-04-11",163027,4754,16606,59109
"ESP","2020-04-12",166831,3804,17209,62391
"ESP","2020-04-13",170099,3268,17756,64727
"ESP","2020-04-14",172541,2442,18056,67504
"ESP","2020-04-15",177644,5103,18708,70853
"ESP","2020-04-16",184948,7304,19315,74797
"ESP","2020-04-17",190839,5891,20002,74797
"ESP","2020-04-18",191726,887,20043,74797
"ESP","2020-04-19",198674,6948,20453,77357
"ESP","2020-04-20",200210,1536,20852,80587
"ESP","2020-04-21",204178,3968,21282,82514
"ESP","2020-04-22",208389,4211,21717,85915
"ESP","2020-04-23",213024,4635,22157,89250
"ESP","2020-04-24",202990,-10034,22524,92355
"ESP","2020-04-25",205905,2915,22902,95708
"ESP","2020-04-26",207634,1729,23190,98372
"ESP","2020-04-27",209465,1831,23521,100875
"ESP","2020-04-28",210773,1308,23822,102548
"ESP","2020-04-29",212917,2144,24275,108947
"ESP","2020-04-30",213435,518,24543,112050
"ESP","2020-05-01",215216,1781,24543,112050
"ESP","2020-05-02",216582,1366,25100,117248
"ESP","2020-05-03",217466,884,25264,118902
"ESP","2020-05-04",218011,545,25428,121343
"ESP","2020-05-05",219329,1318,25613,123486
"ESP","2020-05-06",220325,996,25857,126002
"ESP","2020-05-07",221447,1122,26070,128511
"ESP","2020-05-08",222857,1410,26299,131148
"ESP","2020-05-09",223578,721,26478,133952
"ESP","2020-05-10",224350,772,26621,136166
"ESP","2020-05-11",227436,3086,26744,137139
"ESP","2020-05-12",228030,594,26920,138980
"ESP","2020-05-13",228691,661,27104,140823
"ESP","2020-05-14",229540,849,27321,143374
"ESP","2020-05-15",230183,643,27459,144783
"ESP","2020-05-16",230698,515,27563,146446
"ESP","2020-05-17",230698,0,27563,146446
"ESP","2020-05-18",231606,908,27709,150376
"ESP","2020-05-19",232037,431,27778,150376
"ESP","2020-05-20",232555,518,27888,150376
"ESP","2020-05-21",233037,482,27940,150376
"ESP","2020-05-22",234824,1787,28628,150376
"ESP","2020-05-23",235290,466,28678,150376
"ESP","2020-05-24",235772,482,28752,150376
"ESP","2020-05-25",235400,-372,26834,150376
"ESP","2020-05-26",236259,859,27117,150376
"ESP","2020-05-27",236259,0,27117,150376
"ESP","2020-05-28",237906,1647,27119,150376
"ESP","2020-05-29",238564,658,27121,150376
"ESP","2020-05-30",239228,664,27125,150376
"ESP","2020-05-31",239479,251,27127,150376
"ESP","2020-06-01",239638,159,27127,150376
"ESP","2020-06-02",239932,294,27127,150376
"ESP","2020-06-03",240326,394,27128,150376
"ESP","2020-06-04",240660,334,27133,150376
"ESP","2020-06-05",240978,318,27134,150376
"ESP","2020-06-06",241310,332,27135,150376
"ESP","2020-06-07",241550,240,27136,150376
"ESP","2020-06-08",241717,167,27136,150376
"ESP","2020-06-09",241966,249,27136,150376
"ESP","2020-06-10",242280,314,27136,150376
"ESP","2020-06-11",242707,427,27136,150376
"ESP","2020-06-12",243209,502,27136,150376
"ESP","2020-06-13",243605,396,27136,150376
"ESP","2020-06-14",243928,323,27136,150376
"ESP","2020-06-15",244109,181,27136,150376
"FRA","2020-01-22",0,-18,0,0
"FRA","2020-01-23",0,0,0,0
"FRA","2020-01-24",2,2,0,0
"FRA","2020-01-25",3,1,0,0
"FRA","2020-01-26",3,0,0,0
"FRA","2020-01-27",3,0,0,0
"FRA","2020-01-28",4,1,0,0
"FRA","2020-01-29",5,1,0,0
"FRA","2020-01-30",5,0,0,0
"FRA","2020-01-31",5,0,0,0
"FRA","2020-02-01",6,1,0,0
"FRA","2020-02-02",6,0,0,0
"FRA","2020-02-03",6,0,0,0
"FRA","2020-02-04",6,0,0,0
"FRA","2020-02-05",6,0,0,0
"FRA","2020-02-06",6,0,0,0
"FRA","2020-02-07",6,0,0,0
"FRA","2020-02-08",11,5,0,0
"FRA","2020-02-09",11,0,0,0
"FRA","2020-02-10",11,0,0,0
"FRA","2020-02-11",11,0,0,0
"FRA","2020-02-12",11,0,0,2
"FRA","2020-02-13",11,0,0,2
"FRA","2020-02-14",11,0,0,2
"FRA","2020-02-15",12,1,1,4
"FRA","2020-02-16",12,0,1,4
"FRA","2020-02-17",12,0,1,4
"FRA","2020-02-18",12,0,1,4
"FRA","2020-02-19",12,0,1,4
"FRA","2020-02-20",12,0,1,4
"FRA","2020-02-21",12,0,1,4
"FRA","2020-02-22",12,0,1,4
"FRA","2020-02-23",12,0,1,4
"FRA","2020-02-24",12,0,1,4
"FRA","2020-02-25",14,2,1,11
"FRA","2020-02-26",18,4,2,11
"FRA","2020-02-27",38,20,2,11
"FRA","2020-02-28",57,19,2,11
"FRA","2020-02-29",100,43,2,12
"FRA","2020-03-01",130,30,2,12
"FRA","2020-03-02",191,61,3,12
"FRA","2020-03-03",204,13,4,12
"FRA","2020-03-04",288,84,4,12
"FRA","2020-03-05",380,92,6,12
"FRA","2020-03-06",656,276,9,12
"FRA","2020-03-07",959,303,11,12
"FRA","2020-03-08",1136,177,19,12
"FRA","2020-03-09",1219,83,19,12
"FRA","2020-03-10",1794,575,33,12
"FRA","2020-03-11",2293,499,48,12
"FRA","2020-03-12",2293,0,48,12
"FRA","2020-03-13",3681,1388,79,12
"FRA","2020-03-14",4496,815,91,12
"FRA","2020-03-15",4532,36,91,12
"FRA","2020-03-16",6683,2151,149,12
"FRA","2020-03-17",7715,1032,149,12
"FRA","2020-03-18",9124,1409,149,12
"FRA","2020-03-19",10970,1846,244,12
"FRA","2020-03-20",12758,1788,451,12
"FRA","2020-03-21",14463,1705,563,12
"FRA","2020-03-22",16243,1780,676,2206
"FRA","2020-03-23",20123,3880,862,2206
"FRA","2020-03-24",22622,2499,1102,3250
"FRA","2020-03-25",25600,2978,1333,3907
"FRA","2020-03-26",29551,3951,1698,4955
"FRA","2020-03-27",33402,3851,1997,5707
"FRA","2020-03-28",38105,4703,2317,5724
"FRA","2020-03-29",40708,2603,2611,7226
"FRA","2020-03-30",45170,4462,3030,7964
"FRA","2020-03-31",52827,7657,3532,9513
"FRA","2020-04-01",57749,4922,4414,11053
"FRA","2020-04-02",59929,2180,5398,12548
"FRA","2020-04-03",65202,5273,6520,14135
"FRA","2020-04-04",69500,4298,7574,15572
"FRA","2020-04-05",71412,1912,8093,16349
"FRA","2020-04-06",75343,3931,8926,17428
"FRA","2020-04-07",79163,3820,10343,19523
"FRA","2020-04-08",83057,3894,10887,21452
"FRA","2020-04-09",87366,4309,12228,23413
"FRA","2020-04-10",91738,4372,13215,25195
"FRA","2020-04-11",94863,3125,13851,26663
"FRA","2020-04-12",121712,26849,14412,27469
"FRA","2020-04-13",125394,3682,14986,28001
"FRA","2020-04-14",130365,4971,15731,28805
"FRA","2020-04-15",133585,3220,17169,30955
"FRA","2020-04-16",146075,12490,17922,32812
"FRA","2020-04-17",148084,2009,18683,34420
"FRA","2020-04-18",148086,2,19325,35983
"FRA","2020-04-19",153011,4925,19720,36578
"FRA","2020-04-20",155393,2382,20267,37409
"FRA","2020-04-21",158168,2775,20798,39181
"FRA","2020-04-22",155980,-2188,21342,40657
"FRA","2020-04-23",158303,2323,21858,42088
"FRA","2020-04-24",159952,1649,22248,43493
"FRA","2020-04-25",161644,1692,22617,44594
"FRA","2020-04-26",162220,576,22859,44903
"FRA","2020-04-27",165963,3743,23296,45513
"FRA","2020-04-28",169053,3090,23663,46886
"FRA","2020-04-29",166543,-2510,24090,48228
"FRA","2020-04-30",167299,756,24379,49476
"FRA","2020-05-01",167305,6,24597,50212
"FRA","2020-05-02",168518,1213,24763,50663
"FRA","2020-05-03",168925,407,24900,50885
"FRA","2020-05-04",169583,658,25204,51476
"FRA","2020-05-05",170687,1104,25537,52842
"FRA","2020-05-06",174224,3537,25812,54079
"FRA","2020-05-07",174918,694,25990,55191
"FRA","2020-05-08",176202,1284,26233,55892
"FRA","2020-05-09",176782,580,26313,56148
"FRA","2020-05-10",177094,312,26383,56327
"FRA","2020-05-11",177547,453,26646,56835
"FRA","2020-05-12",178349,802,26994,57898
"FRA","2020-05-13",178184,-165,27077,58786
"FRA","2020-05-14",178994,810,27428,59719
"FRA","2020-05-15",179630,636,27532,60562
"FRA","2020-05-16",179630,0,27532,60562
"FRA","2020-05-17",179693,63,28111,61327
"FRA","2020-05-18",180051,358,28242,61843
"FRA","2020-05-19",180933,882,28025,62678
"FRA","2020-05-20",181700,767,28135,63472
"FRA","2020-05-21",181951,251,28218,63976
"FRA","2020-05-22",182354,403,28292,64327
"FRA","2020-05-23",182694,340,28335,64665
"FRA","2020-05-24",182709,15,28370,64735
"FRA","2020-05-25",183067,358,28460,65317
"FRA","2020-05-26",182847,-220,28533,65997
"FRA","2020-05-27",183038,191,28599,66702
"FRA","2020-05-28",186364,3326,28665,67309
"FRA","2020-05-29",186923,559,28717,67921
"FRA","2020-05-30",188752,1829,28774,68386
"FRA","2020-05-31",189009,257,28805,68473
"FRA","2020-06-01",189348,339,28836,68558
"FRA","2020-06-02",188450,-898,28943,68930
"FRA","2020-06-03",192330,3880,29024,69573
"FRA","2020-06-04",189569,-2761,29068,70094
"FRA","2020-06-05",190180,611,29114,70622
"FRA","2020-06-06",190759,579,29145,70924
"FRA","2020-06-07",191102,343,29158,70961
"FRA","2020-06-08",191313,211,29212,71182
"FRA","2020-06-09",191523,210,29299,71626
"FRA","2020-06-10",192068,545,29322,71952
"FRA","2020-06-11",192493,425,29349,72269
"FRA","2020-06-12",193220,727,29377,72695
"FRA","2020-06-13",193746,526,29401,72931
"FRA","2020-06-14",194153,407,29410,72982
"FRA","2020-06-15",194305,152,29439,73168
"GBR","2020-01-22",0,-4033,0,0
"GBR","2020-01-23",0,0,0,0
"GBR","2020-01-24",0,0,0,0
"GBR","2020-01-25",0,0,0,0
"GBR","2020-01-26",0,0,0,0
"GBR","2020-01-27",0,0,0,0
"GBR","2020-01-28",0,0,0,0
"GBR","2020-01-29",0,0,0,0
"GBR","2020-01-30",0,0,0,0
"GBR","2020-01-31",2,2,0,0
"GBR","2020-02-01",2,0,0,0
"GBR","2020-02-02",2,0,0,0
"GBR","2020-02-03",2,0,0,0
"GBR","2020-02-04",2,0,0,0
"GBR","2020-02-05",2,0,0,0
"GBR","2020-02-06",2,0,0,0
"GBR","2020-02-07",3,1,0,0
"GBR","2020-02-08",3,0,0,0
"GBR","2020-02-09",3,0,0,0
"GBR","2020-02-10",8,5,0,0
"GBR","2020-02-11",8,0,0,0
"GBR","2020-02-12",9,1,0,1
"GBR","2020-02-13",9,0,0,1
"GBR","2020-02-14",9,0,0,1
"GBR","2020-02-15",9,0,0,1
"GBR","2020-02-16",9,0,0,8
"GBR","2020-02-17",9,0,0,8
"GBR","2020-02-18",9,0,0,8
"GBR","2020-02-19",9,0,0,8
"GBR","2020-02-20",9,0,0,8
"GBR","2020-02-21",9,0,0,8
"GBR","2020-02-22",9,0,0,8
"GBR","2020-02-23",9,0,0,8
"GBR","2020-02-24",13,4,0,8
"GBR","2020-02-25",13,0,0,8
"GBR","2020-02-26",13,0,0,8
"GBR","2020-02-27",15,2,0,8
"GBR","2020-02-28",20,5,0,8
"GBR","2020-02-29",23,3,0,8
"GBR","2020-03-01",36,13,0,8
"GBR","2020-03-02",40,4,0,8
"GBR","2020-03-03",51,11,0,8
"GBR","2020-03-04",86,35,0,8
"GBR","2020-03-05",116,30,0,8
"GBR","2020-03-06",164,48,1,8
"GBR","2020-03-07",207,43,2,18
"GBR","2020-03-08",274,67,2,18
"GBR","2020-03-09",322,48,3,18
"GBR","2020-03-10",384,62,7,19
"GBR","2020-03-11",459,75,7,19
"GBR","2020-03-12",459,0,9,19
"GBR","2020-03-13",802,343,10,19
"GBR","2020-03-14",1144,342,28,19
"GBR","2020-03-15",1145,1,43,19
"GBR","2020-03-16",1551,406,66,21
"GBR","2020-03-17",1960,409,82,53
"GBR","2020-03-18",2642,682,116,67
"GBR","2020-03-19",2716,74,159,67
"GBR","2020-03-20",4014,1298,195,67
"GBR","2020-03-21",5067,1053,251,67
"GBR","2020-03-22",5745,678,286,67
"GBR","2020-03-23",6726,981,360,67
"GBR","2020-03-24",8164,1438,509,140
"GBR","2020-03-25",9640,1476,695,140
"GBR","2020-03-26",11812,2172,879,150
"GBR","2020-03-27",14745,2933,1163,151
"GBR","2020-03-28",17312,2567,1457,151
"GBR","2020-03-29",19780,2468,1672,151
"GBR","2020-03-30",22453,2673,2046,171
"GBR","2020-03-31",25481,3028,2429,179
"GBR","2020-04-01",29865,4384,3100,179
"GBR","2020-04-02",34173,4308,3752,192
"GBR","2020-04-03",38689,4516,4467,208
"GBR","2020-04-04",42477,3788,5228,215
"GBR","2020-04-05",48436,5959,5874,229
"GBR","2020-04-06",52279,3843,6445,287
"GBR","2020-04-07",55949,3670,7483,325
"GBR","2020-04-08",61474,5525,8519,345
"GBR","2020-04-09",65872,4398,9623,359
"GBR","2020-04-10",74605,8733,10776,588
"GBR","2020-04-11",79874,5269,11616,622
"GBR","2020-04-12",85206,5332,12302,626
"GBR","2020-04-13",89570,4364,13047,304
"GBR","2020-04-14",94845,5275,14095,323
"GBR","2020-04-15",99483,4638,14941,368
"GBR","2020-04-16",104145,4662,15974,375
"GBR","2020-04-17",109769,5624,16910,394
"GBR","2020-04-18",115314,5545,18028,414
"GBR","2020-04-19",121172,5858,18527,436
"GBR","2020-04-20",125856,4684,19092,446
"GBR","2020-04-21",130172,4316,20264,638
"GBR","2020-04-22",134638,4466,21111,683
"GBR","2020-04-23",139246,4608,21840,712
"GBR","2020-04-24",144640,5394,22853,724
"GBR","2020-04-25",149569,4929,23697,774
"GBR","2020-04-26",154037,4468,24117,778
"GBR","2020-04-27",158348,4311,24458,807
"GBR","2020-04-28",162350,4002,25369,813
"GBR","2020-04-29",166441,4091,26166,857
"GBR","2020-04-30",172481,6040,26842,859
"GBR","2020-05-01",178685,6204,27583,892
"GBR","2020-05-02",183500,4815,28205,896
"GBR","2020-05-03",187842,4342,28520,901
"GBR","2020-05-04",191832,3990,28809,910
"GBR","2020-05-05",196243,4411,29501,926
"GBR","2020-05-06",202359,6116,30150,934
"GBR","2020-05-07",207977,5618,30689,970
"GBR","2020-05-08",212629,4652,31316,997
"GBR","2020-05-09",216525,3896,31662,1001
"GBR","2020-05-10",220449,3924,31930,1002
"GBR","2020-05-11",224332,3883,32141,1015
"GBR","2020-05-12",227741,3409,32769,1023
"GBR","2020-05-13",230985,3244,33264,1032
"GBR","2020-05-14",234440,3455,33693,1043
"GBR","2020-05-15",238004,3564,34078,1047
"GBR","2020-05-16",241461,3457,34546,1058
"GBR","2020-05-17",244995,3534,34716,1058
"GBR","2020-05-18",247709,2714,34876,1090
"GBR","2020-05-19",250138,2429,35422,1099
"GBR","2020-05-20",249619,-519,35786,1116
"GBR","2020-05-21",252246,2627,36124,1134
"GBR","2020-05-22",255544,3298,36475,1142
"GBR","2020-05-23",258504,2960,36757,1149
"GBR","2020-05-24",260916,2412,36875,1151
"GBR","2020-05-25",262547,1631,36996,1161
"GBR","2020-05-26",266599,4052,37130,1161
"GBR","2020-05-27",268619,2020,37542,1166
"GBR","2020-05-28",270508,1889,37919,1167
"GBR","2020-05-29",272607,2099,38243,1172
"GBR","2020-05-30",274219,1612,38458,1187
"GBR","2020-05-31",276156,1937,38571,1190
"GBR","2020-06-01",277736,1580,39127,1221
"GBR","2020-06-02",279392,1656,39452,1224
"GBR","2020-06-03",281270,1878,39811,1212
"GBR","2020-06-04",283079,1809,39987,1219
"GBR","2020-06-05",284734,1655,40344,1228
"GBR","2020-06-06",286294,1560,40548,1230
"GBR","2020-06-07",287621,1327,40625,1239
"GBR","2020-06-08",288834,1213,40680,1255
"GBR","2020-06-09",290581,1747,40968,1257
"GBR","2020-06-10",291588,1007,41213,1269
"GBR","2020-06-11",292860,1272,41364,1278
"GBR","2020-06-12",294402,1542,41566,1282
"GBR","2020-06-13",295828,1426,41747,1283
"GBR","2020-06-14",297342,1514,41783,1283
"GBR","2020-06-15",298315,973,41821,1284
"IND","2020-01-22",0,-39294,0,0
"IND","2020-01-23",0,0,0,0
"IND","2020-01-24",0,0,0,0
"IND","2020-01-25",0,0,0,0
"IND","2020-01-26",0,0,0,0
"IND","2020-01-27",0,0,0,0
"IND","2020-01-28",0,0,0,0
"IND","2020-01-29",0,0,0,0
"IND","2020-01-30",1,1,0,0
"IND","2020-01-31",1,0,0,0
"IND","2020-02-01",1,0,0,0
"IND","2020-02-02",2,1,0,0
"IND","2020-02-03",3,1,0,0
"IND","2020-02-04",3,0,0,0
"IND","2020-02-05",3,0,0,0
"IND","2020-02-06",3,0,0,0
"IND","2020-02-07",3,0,0,0
"IND","2020-02-08",3,0,0,0
"IND","2020-02-09",3,0,0,0
"IND","2020-02-10",3,0,0,0
"IND","2020-02-11",3,0,0,0
"IND","2020-02-12",3,0,0,0
"IND","2020-02-13",3,0,0,0
"IND","2020-02-14",3,0,0,0
"IND","2020-02-15",3,0,0,0
"IND","2020-02-16",3,0,0,3
"IND","2020-02-17",3,0,0,3
"IND","2020-02-18",3,0,0,3
"IND","2020-02-19",3,0,0,3
"IND","2020-02-20",3,0,0,3
"IND","2020-02-21",3,0,0,3
"IND","2020-02-22",3,0,0,3
"IND","2020-02-23",3,0,0,3
"IND","2020-02-24",3,0,0,3
"IND","2020-02-25",3,0,0,3
"IND","2020-02-26",3,0,0,3
"IND","2020-02-27",3,0,0,3
"IND","2020-02-28",3,0,0,3
"IND","2020-02-29",3,0,0,3
"IND","2020-03-01",3,0,0,3
"IND","2020-03-02",5,2,0,3
"IND","2020-03-03",5,0,0,3
"IND","2020-03-04",28,23,0,3
"IND","2020-03-05",30,2,0,3
"IND","2020-03-06",31,1,0,3
"IND","2020-03-07",34,3,0,3
"IND","2020-03-08",39,5,0,3
"IND","2020-03-09",43,4,0,3
"IND","2020-03-10",56,13,0,4
"IND","2020-03-11",62,6,1,4
"IND","2020-03-12",73,11,1,4
"IND","2020-03-13",82,9,2,4
"IND","2020-03-14",102,20,2,4
"IND","2020-03-15",113,11,2,13
"IND","2020-03-16",119,6,2,13
"IND","2020-03-17",142,23,3,14
"IND","2020-03-18",156,14,3,14
"IND","2020-03-19",194,38,4,15
"IND","2020-03-20",244,50,5,20
"IND","2020-03-21",330,86,4,23
"IND","2020-03-22",396,66,7,27
"IND","2020-03-23",499,103,10,27
"IND","2020-03-24",536,37,10,40
"IND","2020-03-25",657,121,12,43
"IND","2020-03-26",727,70,20,45
"IND","2020-03-27",887,160,20,73
"IND","2020-03-28",987,100,24,84
"IND","2020-03-29",1024,37,27,95
"IND","2020-03-30",1251,227,32,102
"IND","2020-03-31",1397,146,35,123
"IND","2020-04-01",1998,601,58,148
"IND","2020-04-02",2543,545,72,191
"IND","2020-04-03",2567,24,72,192
"IND","2020-04-04",3082,515,86,229
"IND","2020-04-05",3588,506,99,229
"IND","2020-04-06",4778,1190,136,375
"IND","2020-04-07",5311,533,150,421
"IND","2020-04-08",5916,605,178,506
"IND","2020-04-09",6725,809,226,620
"IND","2020-04-10",7598,873,246,774
"IND","2020-04-11",8446,848,288,969
"IND","2020-04-12",9205,759,331,1080
"IND","2020-04-13",10453,1248,358,1181
"IND","2020-04-14",11487,1034,393,1359
"IND","2020-04-15",12322,835,405,1432
"IND","2020-04-16",13430,1108,448,1768
"IND","2020-04-17",14352,922,486,2041
"IND","2020-04-18",15722,1370,521,2463
"IND","2020-04-19",17615,1893,559,2854
"IND","2020-04-20",18539,924,592,3273
"IND","2020-04-21",20080,1541,645,3975
"IND","2020-04-22",21370,1290,681,4370
"IND","2020-04-23",23077,1707,721,5012
"IND","2020-04-24",24530,1453,780,5498
"IND","2020-04-25",26283,1753,825,5939
"IND","2020-04-26",27890,1607,881,6523
"IND","2020-04-27",29451,1561,939,7137
"IND","2020-04-28",31324,1873,1008,7747
"IND","2020-04-29",33062,1738,1079,8437
"IND","2020-04-30",34863,1801,1154,9068
"IND","2020-05-01",37257,2394,1223,10007
"IND","2020-05-02",39699,2442,1323,10819
"IND","2020-05-03",42505,2806,1391,11775
"IND","2020-05-04",46437,3932,1566,12847
"IND","2020-05-05",49400,2963,1693,14142
"IND","2020-05-06",52987,3587,1785,15331
"IND","2020-05-07",56351,3364,1889,16776
"IND","2020-05-08",59695,3344,1985,17887
"IND","2020-05-09",62808,3113,2101,19301
"IND","2020-05-10",67161,4353,2212,20969
"IND","2020-05-11",70768,3607,2294,22549
"IND","2020-05-12",74292,3524,2415,24420
"IND","2020-05-13",78055,3763,2551,26400
"IND","2020-05-14",81997,3942,2649,27969
"IND","2020-05-15",85784,3787,2753,30258
"IND","2020-05-16",90648,4864,2871,34224
"IND","2020-05-17",95698,5050,3025,36795
"IND","2020-05-18",100328,4630,3156,39233
"IND","2020-05-19",106475,6147,3302,42309
"IND","2020-05-20",112028,5553,3434,45422
"IND","2020-05-21",118226,6198,3584,48553
"IND","2020-05-22",124794,6568,3726,51824
"IND","2020-05-23",131423,6629,3868,54385
"IND","2020-05-24",138536,7113,4024,57692
"IND","2020-05-25",144950,6414,4172,60706
"IND","2020-05-26",150793,5843,4344,64277
"IND","2020-05-27",158086,7293,4534,67749
"IND","2020-05-28",165386,7300,4711,70920
"IND","2020-05-29",173491,8105,4980,82627
"IND","2020-05-30",181827,8336,5185,86936
"IND","2020-05-31",190609,8782,5408,91852
"IND","2020-06-01",198370,7761,5608,95754
"IND","2020-06-02",207191,8821,5829,100285
"IND","2020-06-03",216824,9633,6088,104071
"IND","2020-06-04",226713,9889,6363,108450
"IND","2020-06-05",236184,9471,6649,113233
"IND","2020-06-06",246622,10438,6946,118695
"IND","2020-06-07",257486,10864,7207,123848
"IND","2020-06-08",265928,8442,7473,129095
"IND","2020-06-09",276146,10218,7750,134670
"IND","2020-06-10",286605,10459,8102,135206
"IND","2020-06-11",297535,10930,8498,147195
"IND","2020-06-12",308993,11458,8884,154330
"IND","2020-06-13",320922,11929,9195,162379
"IND","2020-06-14",332424,11502,9520,169798
"IND","2020-06-15",343091,10667,9900,180013
"IRN","2020-01-22",0,-25321,0,0
"IRN","2020-01-23",0,0,0,0
"IRN","2020-01-24",0,0,0,0
"IRN","2020-01-25",0,0,0,0
"IRN","2020-01-26",0,0,0,0
"IRN","2020-01-27",0,0,0,0
"IRN","2020-01-28",0,0,0,0
"IRN","2020-01-29",0,0,0,0
"IRN","2020-01-30",0,0,0,0
"IRN","2020-01-31",0,0,0,0
"IRN","2020-02-01",0,0,0,0
"IRN","2020-02-02",0,0,0,0
"IRN","2020-02-03",0,0,0,0
"IRN","2020-02-04",0,0,0,0
"IRN","2020-02-05",0,0,0,0
"IRN","2020-02-06",0,0,0,0
"IRN","2020-02-07",0,0,0,0
"IRN","2020-02-08",0,0,0,0
"IRN","2020-02-09",0,0,0,0
"IRN","2020-02-10",0,0,0,0
"IRN","2020-02-11",0,0,0,0
"IRN","2020-02-12",0,0,0,0
"IRN","2020-02-13",0,0,0,0
"IRN","2020-02-14",0,0,0,0
"IRN","2020-02-15",0,0,0,0
"IRN","2020-02-16",0,0,0,0
"IRN","2020-02-17",0,0,0,0
"IRN","2020-02-18",0,0,0,0
"IRN","2020-02-19",2,2,2,0
"IRN","2020-02-20",5,3,2,0
"IRN","2020-02-21",18,13,4,0
"IRN","2020-02-22",28,10,5,0
"IRN","2020-02-23",43,15,8,0
"IRN","2020-02-24",61,18,12,0
"IRN","2020-02-25",95,34,16,0
"IRN","2020-02-26",139,44,19,49
"IRN","2020-02-27",245,106,26,49
"IRN","2020-02-28",388,143,34,73
"IRN","2020-02-29",593,205,43,123
"IRN","2020-03-01",978,385,54,175
"IRN","2020-03-02",1501,523,66,291
"IRN","2020-03-03",2336,835,77,291
"IRN","2020-03-04",2922,586,92,552
"IRN","2020-03-05",3513,591,107,739
"IRN","2020-03-06",4747,1234,124,913
"IRN","2020-03-07",5823,1076,145,1669
"IRN","2020-03-08",6566,743,194,2134
"IRN","2020-03-09",7161,595,237,2394
"IRN","2020-03-10",8042,881,291,2731
"IRN","2020-03-11",9000,958,354,2959
"IRN","2020-03-12",10075,1075,429,2959
"IRN","2020-03-13",11364,1289,514,2959
"IRN","2020-03-14",12729,1365,611,2959
"IRN","2020-03-15",13938,1209,724,4590
"IRN","2020-03-16",14991,1053,853,4590
"IRN","2020-03-17",16169,1178,988,5389
"IRN","2020-03-18",17361,1192,1135,5389
"IRN","2020-03-19",18407,1046,1284,5710
"IRN","2020-03-20",19644,1237,1433,6745
"IRN","2020-03-21",20610,966,1556,7635
"IRN","2020-03-22",21638,1028,1685,7931
"IRN","2020-03-23",23049,1411,1812,7931
"IRN","2020-03-24",24811,1762,1934,8913
"IRN","2020-03-25",27017,2206,2077,9625
"IRN","2020-03-26",29406,2389,2234,10457
"IRN","2020-03-27",32332,2926,2378,11133
"IRN","2020-03-28",35408,3076,2517,11679
"IRN","2020-03-29",38309,2901,2640,12391
"IRN","2020-03-30",41495,3186,2757,13911
"IRN","2020-03-31",44605,3110,2898,14656
"IRN","2020-04-01",47593,2988,3036,15473
"IRN","2020-04-02",50468,2875,3160,16711
"IRN","2020-04-03",53183,2715,3294,17935
"IRN","2020-04-04",55743,2560,3452,19736
"IRN","2020-04-05",58226,2483,3603,19736
"IRN","2020-04-06",60500,2274,3739,24236
"IRN","2020-04-07",62589,2089,3872,27039
"IRN","2020-04-08",64586,1997,3993,29812
"IRN","2020-04-09",66220,1634,4110,32309
"IRN","2020-04-10",68192,1972,4232,35465
"IRN","2020-04-11",70029,1837,4357,41947
"IRN","2020-04-12",71686,1657,4474,43894
"IRN","2020-04-13",73303,1617,4585,45983
"IRN","2020-04-14",74877,1574,4683,48129
"IRN","2020-04-15",76389,1512,4777,49933
"IRN","2020-04-16",77995,1606,4869,52229
"IRN","2020-04-17",79494,1499,4958,54064
"IRN","2020-04-18",80868,1374,5031,55987
"IRN","2020-04-19",82211,1343,5118,57023
"IRN","2020-04-20",83505,1294,5209,59273
"IRN","2020-04-21",84802,1297,5297,60965
"IRN","2020-04-22",85996,1194,5391,63113
"IRN","2020-04-23",87026,1030,5481,64843
"IRN","2020-04-24",88194,1168,5574,66599
"IRN","2020-04-25",89328,1134,5650,68193
"IRN","2020-04-26",90481,1153,5710,69657
"IRN","2020-04-27",91472,991,5806,70933
"IRN","2020-04-28",92584,1112,5877,72439
"IRN","2020-04-29",93657,1073,5957,73791
"IRN","2020-04-30",94640,983,6028,75103
"IRN","2020-05-01",95646,1006,6091,76318
"IRN","2020-05-02",96448,802,6156,77350
"IRN","2020-05-03",97424,976,6203,78422
"IRN","2020-05-04",98647,1223,6277,79379
"IRN","2020-05-05",99970,1323,6340,80475
"IRN","2020-05-06",101650,1680,6418,81587
"IRN","2020-05-07",103135,1485,6486,82744
"IRN","2020-05-08",104691,1556,6541,83837
"IRN","2020-05-09",106220,1529,6589,85064
"IRN","2020-05-10",107603,1383,6640,86143
"IRN","2020-05-11",109286,1683,6685,87422
"IRN","2020-05-12",110767,1481,6733,88357
"IRN","2020-05-13",112725,1958,6783,89428
"IRN","2020-05-14",114533,1808,6854,90539
"IRN","2020-05-15",116635,2102,6902,91836
"IRN","2020-05-16",118392,1757,6937,93147
"IRN","2020-05-17",120198,1806,6988,94464
"IRN","2020-05-18",122492,2294,7057,95661
"IRN","2020-05-19",124603,2111,7119,97173
"IRN","2020-05-20",126949,2346,7183,98808
"IRN","2020-05-21",129341,2392,7249,100564
"IRN","2020-05-22",131652,2311,7300,102276
"IRN","2020-05-23",133521,1869,7359,104072
"IRN","2020-05-24",135701,2180,7417,105801
"IRN","2020-05-25",137724,2023,7451,107713
"IRN","2020-05-26",139511,1787,7508,109437
"IRN","2020-05-27",141591,2080,7564,111176
"IRN","2020-05-28",143849,2258,7627,112988
"IRN","2020-05-29",146668,2819,7677,114931
"IRN","2020-05-30",148950,2282,7734,116827
"IRN","2020-05-31",151466,2516,7797,118848
"IRN","2020-06-01",154445,2979,7878,121004
"IRN","2020-06-02",157562,3117,7942,123077
"IRN","2020-06-03",160696,3134,8012,125206
"IRN","2020-06-04",164270,3574,8071,127485
"IRN","2020-06-05",167156,2886,8134,129741
"IRN","2020-06-06",169425,2269,8209,132038
"IRN","2020-06-07",171789,2364,8281,134349
"IRN","2020-06-08",173832,2043,8351,136360
"IRN","2020-06-09",175927,2095,8425,138457
"IRN","2020-06-10",177938,2011,8506,140590
"IRN","2020-06-11",180156,2218,8584,142663
"IRN","2020-06-12",182525,2369,8659,144649
"IRN","2020-06-13",184955,2430,8730,146748
"IRN","2020-06-14",187427,2472,8837,148674
"IRN","2020-06-15",189876,2449,8950,150590
"ITA","2020-01-22",0,-19237,0,0
"ITA","2020-01-23",0,0,0,0
"ITA","2020-01-24",0,0,0,0
"ITA","2020-01-25",0,0,0,0
"ITA","2020-01-26",0,0,0,0
"ITA","2020-01-27",0,0,0,0
"ITA","2020-01-28",0,0,0,0
"ITA","2020-01-29",0,0,0,0
"ITA","2020-01-30",0,0,0,0
"ITA","2020-01-31",2,2,0,0
"ITA","2020-02-01",2,0,0,0
"ITA","2020-02-02",2,0,0,0
"ITA","2020-02-03",2,0,0,0
"ITA","2020-02-04",2,0,0,0
"ITA","2020-02-05",2,0,0,0
"ITA","2020-02-06",2,0,0,0
"ITA","2020-02-07",3,1,0,0
"ITA","2020-02-08",3,0,0,0
"ITA","2020-02-09",3,0,0,0
"ITA","2020-02-10",3,0,0,0
"ITA","2020-02-11",3,0,0,0
"ITA","2020-02-12",3,0,0,0
"ITA","2020-02-13",3,0,0,0
"ITA","2020-02-14",3,0,0,0
"ITA","2020-02-15",3,0,0,0
"ITA","2020-02-16",3,0,0,0
"ITA","2020-02-17",3,0,0,0
"ITA","2020-02-18",3,0,0,0
"ITA","2020-02-19",3,0,0,0
"ITA","2020-02-20",3,0,0,0
"ITA","2020-02-21",20,17,1,0
"ITA","2020-02-22",62,42,2,1
"ITA","2020-02-23",155,93,3,2
"ITA","2020-02-24",229,74,7,1
"ITA","2020-02-25",322,93,10,1
"ITA","2020-02-26",453,131,12,3
"ITA","2020-02-27",655,202,17,45
"ITA","2020-02-28",888,233,21,46
"ITA","2020-02-29",1128,240,29,46
"ITA","2020-03-01",1694,566,34,83
"ITA","2020-03-02",2036,342,52,149
"ITA","2020-03-03",2502,466,79,160
"ITA","2020-03-04",3089,587,107,276
"ITA","2020-03-05",3858,769,148,414
"ITA","2020-03-06",4636,778,197,523
"ITA","2020-03-07",5883,1247,233,589
"ITA","2020-03-08",7375,1492,366,622
"ITA","2020-03-09",9172,1797,463,724
"ITA","2020-03-10",10149,977,631,724
"ITA","2020-03-11",12462,2313,827,1045
"ITA","2020-03-12",15113,2651,1016,1045
"ITA","2020-03-13",17660,2547,1266,1439
"ITA","2020-03-14",21157,3497,1441,1966
"ITA","2020-03-15",24747,3590,1809,2335
"ITA","2020-03-16",27980,3233,2158,2749
"ITA","2020-03-17",31506,3526,2503,2941
"ITA","2020-03-18",35713,4207,2978,4025
"ITA","2020-03-19",41035,5322,3405,4440
"ITA","2020-03-20",47021,5986,4032,4440
"ITA","2020-03-21",53578,6557,4825,6072
"ITA","2020-03-22",59138,5560,5476,7024
"ITA","2020-03-23",63927,4789,6077,7024
"ITA","2020-03-24",69176,5249,6820,8326
"ITA","2020-03-25",74386,5210,7503,9362
"ITA","2020-03-26",80589,6203,8215,10361
"ITA","2020-03-27",86498,5909,9134,10950
"ITA","2020-03-28",92472,5974,10023,12384
"ITA","2020-03-29",97689,5217,10779,13030
"ITA","2020-03-30",101739,4050,11591,14620
"ITA","2020-03-31",105792,4053,12428,15729
"ITA","2020-04-01",110574,4782,13155,16847
"ITA","2020-04-02",115242,4668,13915,18278
"ITA","2020-04-03",119827,4585,14681,19758
"ITA","2020-04-04",124632,4805,15362,20996
"ITA","2020-04-05",128948,4316,15887,21815
"ITA","2020-04-06",132547,3599,16523,22837
"ITA","2020-04-07",135586,3039,17127,24392
"ITA","2020-04-08",139422,3836,17669,26491
"ITA","2020-04-09",143626,4204,18279,28470
"ITA","2020-04-10",147577,3951,18849,30455
"ITA","2020-04-11",152271,4694,19468,32534
"ITA","2020-04-12",156363,4092,19899,34211
"ITA","2020-04-13",159516,3153,20465,35435
"ITA","2020-04-14",162488,2972,21067,37130
"ITA","2020-04-15",165155,2667,21645,38092
"ITA","2020-04-16",168941,3786,22170,40164
"ITA","2020-04-17",172434,3493,22745,42727
"ITA","2020-04-18",175925,3491,23227,44927
"ITA","2020-04-19",178972,3047,23660,47055
"ITA","2020-04-20",181228,2256,24114,48877
"ITA","2020-04-21",183957,2729,24648,51600
"ITA","2020-04-22",187327,3370,25085,54543
"ITA","2020-04-23",189973,2646,25549,57576
"ITA","2020-04-24",192994,3021,25969,60498
"ITA","2020-04-25",195351,2357,26384,63120
"ITA","2020-04-26",197675,2324,26644,64928
"ITA","2020-04-27",199414,1739,26977,66624
"ITA","2020-04-28",201505,2091,27359,68941
"ITA","2020-04-29",203591,2086,27682,71252
"ITA","2020-04-30",205463,1872,27967,75945
"ITA","2020-05-01",207428,1965,28236,78249
"ITA","2020-05-02",209328,1900,28710,79914
"ITA","2020-05-03",210717,1389,28884,81654
"ITA","2020-05-04",211938,1221,29079,82879
"ITA","2020-05-05",213013,1075,29315,85231
"ITA","2020-05-06",214457,1444,29684,93245
"ITA","2020-05-07",215858,1401,29958,96276
"ITA","2020-05-08",217185,1327,30201,99023
"ITA","2020-05-09",218268,1083,30395,103031
"ITA","2020-05-10",219070,802,30560,105186
"ITA","2020-05-11",219814,744,30739,106587
"ITA","2020-05-12",221216,1402,30911,109039
"ITA","2020-05-13",222104,888,31106,112541
"ITA","2020-05-14",223096,992,31368,115288
"ITA","2020-05-15",223885,789,31610,120205
"ITA","2020-05-16",224760,875,31763,122810
"ITA","2020-05-17",225435,675,31908,125176
"ITA","2020-05-18",225886,451,32007,127326
"ITA","2020-05-19",226699,813,32169,129401
"ITA","2020-05-20",227364,665,32330,132282
"ITA","2020-05-21",228006,642,32486,134560
"ITA","2020-05-22",228658,652,32616,136720
"ITA","2020-05-23",229327,669,32735,138840
"ITA","2020-05-24",229858,531,32785,140479
"ITA","2020-05-25",230158,300,32877,141981
"ITA","2020-05-26",230555,397,32955,144658
"ITA","2020-05-27",231139,584,33072,147101
"ITA","2020-05-28",231732,593,33142,150604
"ITA","2020-05-29",232248,516,33229,152844
"ITA","2020-05-30",232664,416,33340,155633
"ITA","2020-05-31",232997,333,33415,157507
"ITA","2020-06-01",233197,200,33475,158355
"ITA","2020-06-02",233515,318,33530,160092
"ITA","2020-06-03",233836,321,33601,160938
"ITA","2020-06-04",234013,177,33689,161895
"ITA","2020-06-05",234531,518,33774,163781
"ITA","2020-06-06",234801,270,33846,165078
"ITA","2020-06-07",234998,197,33899,165837
"ITA","2020-06-08",235278,280,33964,166584
"ITA","2020-06-09",235561,283,34043,168646
"ITA","2020-06-10",235763,202,34114,169939
"ITA","2020-06-11",236142,379,34167,171338
"ITA","2020-06-12",236305,163,34223,173085
"ITA","2020-06-13",236651,346,34301,174865
"ITA","2020-06-14",236989,338,34345,176370
"ITA","2020-06-15",237290,301,34371,177010
"PER","2020-01-22",0,-21422,0,0
"PER","2020-01-23",0,0,0,0
"PER","2020-01-24",0,0,0,0
"PER","2020-01-25",0,0,0,0
"PER","2020-01-26",0,0,0,0
"PER","2020-01-27",0,0,0,0
"PER","2020-01-28",0,0,0,0
"PER","2020-01-29",0,0,0,0
"PER","2020-01-30",0,0,0,0
"PER","2020-01-31",0,0,0,0
"PER","2020-02-01",0,0,0,0
"PER","2020-02-02",0,0,0,0
"PER","2020-02-03",0,0,0,0
"PER","2020-02-04",0,0,0,0
"PER","2020-02-05",0,0,0,0
"PER","2020-02-06",0,0,0,0
"PER","2020-02-07",0,0,0,0
"PER","2020-02-08",0,0,0,0
"PER","2020-02-09",0,0,0,0
"PER","2020-02-10",0,0,0,0
"PER","2020-02-11",0,0,0,0
"PER","2020-02-12",0,0,0,0
"PER","2020-02-13",0,0,0,0
"PER","2020-02-14",0,0,0,0
"PER","2020-02-15",0,0,0,0
"PER","2020-02-16",0,0,0,0
"PER","2020-02-17",0,0,0,0
"PER","2020-02-18",0,0,0,0
"PER","2020-02-19",0,0,0,0
"PER","2020-02-20",0,0,0,0
"PER","2020-02-21",0,0,0,0
"PER","2020-02-22",0,0,0,0
"PER","2020-02-23",0,0,0,0
"PER","2020-02-24",0,0,0,0
"PER","2020-02-25",0,0,0,0
"PER","2020-02-26",0,0,0,0
"PER","2020-02-27",0,0,0,0
"PER","2020-02-28",0,0,0,0
"PER","2020-02-29",0,0,0,0
"PER","2020-03-01",0,0,0,0
"PER","2020-03-02",0,0,0,0
"PER","2020-03-03",0,0,0,0
"PER","2020-03-04",0,0,0,0
"PER","2020-03-05",0,0,0,0
"PER","2020-03-06",1,1,0,0
"PER","2020-03-07",1,0,0,0
"PER","2020-03-08",6,5,0,0
"PER","2020-03-09",7,1,0,0
"PER","2020-03-10",11,4,0,0
"PER","2020-03-11",11,0,0,0
"PER","2020-03-12",15,4,0,0
"PER","2020-03-13",28,13,0,0
"PER","2020-03-14",38,10,0,0
"PER","2020-03-15",43,5,0,0
"PER","2020-03-16",86,43,0,0
"PER","2020-03-17",117,31,0,1
"PER","2020-03-18",145,28,0,1
"PER","2020-03-19",234,89,0,1
"PER","2020-03-20",234,0,3,1
"PER","2020-03-21",318,84,5,1
"PER","2020-03-22",363,45,5,1
"PER","2020-03-23",395,32,5,1
"PER","2020-03-24",416,21,7,1
"PER","2020-03-25",480,64,9,1
"PER","2020-03-26",580,100,9,14
"PER","2020-03-27",635,55,11,16
"PER","2020-03-28",671,36,16,16
"PER","2020-03-29",852,181,18,16
"PER","2020-03-30",950,98,24,53
"PER","2020-03-31",1065,115,30,394
"PER","2020-04-01",1323,258,38,394
"PER","2020-04-02",1414,91,55,537
"PER","2020-04-03",1595,181,61,537
"PER","2020-04-04",1746,151,73,914
"PER","2020-04-05",2281,535,83,989
"PER","2020-04-06",2561,280,92,997
"PER","2020-04-07",2954,393,107,1301
"PER","2020-04-08",4342,1388,121,1333
"PER","2020-04-09",5256,914,138,1438
"PER","2020-04-10",5897,641,169,1569
"PER","2020-04-11",6848,951,181,1739
"PER","2020-04-12",7519,671,193,1798
"PER","2020-04-13",9784,2265,216,2642
"PER","2020-04-14",10303,519,230,2869
"PER","2020-04-15",11475,1172,254,3108
"PER","2020-04-16",12491,1016,274,6120
"PER","2020-04-17",13489,998,300,6541
"PER","2020-04-18",14420,931,348,6684
"PER","2020-04-19",15628,1208,400,6811
"PER","2020-04-20",16325,697,445,6968
"PER","2020-04-21",17837,1512,484,6982
"PER","2020-04-22",19250,1413,530,7027
"PER","2020-04-23",20914,1664,572,7422
"PER","2020-04-24",21648,734,634,7496
"PER","2020-04-25",25331,3683,700,7797
"PER","2020-04-26",27517,2186,728,8088
"PER","2020-04-27",28699,1182,782,8425
"PER","2020-04-28",31190,2491,854,9179
"PER","2020-04-29",33931,2741,943,10037
"PER","2020-04-30",36976,3045,1051,10405
"PER","2020-05-01",40459,3483,1124,11129
"PER","2020-05-02",42534,2075,1200,12434
"PER","2020-05-03",45928,3394,1286,13550
"PER","2020-05-04",47372,1444,1344,14427
"PER","2020-05-05",51189,3817,1444,15413
"PER","2020-05-06",54817,3628,1533,17527
"PER","2020-05-07",58526,3709,1627,18388
"PER","2020-05-08",61847,3321,1714,19012
"PER","2020-05-09",65015,3168,1814,20246
"PER","2020-05-10",67307,2292,1889,21349
"PER","2020-05-11",68822,1515,1961,22406
"PER","2020-05-12",72059,3237,2057,23324
"PER","2020-05-13",76306,4247,2169,24324
"PER","2020-05-14",80604,4298,2267,25151
"PER","2020-05-15",84495,3891,2392,27147
"PER","2020-05-16",88541,4046,2523,28272
"PER","2020-05-17",92273,3732,2648,28621
"PER","2020-05-18",94933,2660,2789,30306
"PER","2020-05-19",99483,4550,2914,36524
"PER","2020-05-20",104020,4537,3024,41968
"PER","2020-05-21",108769,4749,3148,43587
"PER","2020-05-22",111698,2929,3244,44848
"PER","2020-05-23",115754,4056,3373,47915
"PER","2020-05-24",119959,4205,3456,49795
"PER","2020-05-25",123979,4020,3629,50949
"PER","2020-05-26",129751,5772,3788,52906
"PER","2020-05-27",135905,6154,3983,56169
"PER","2020-05-28",141779,5874,4099,59442
"PER","2020-05-29",148285,6506,4230,62791
"PER","2020-05-30",155671,7386,4371,66447
"PER","2020-05-31",164476,8805,4506,67208
"PER","2020-06-01",170039,5563,4634,68507
"PER","2020-06-02",170039,0,4634,69257
"PER","2020-06-03",178914,8875,4894,72319
"PER","2020-06-04",183198,4284,5031,76228
"PER","2020-06-05",187400,4202,5162,79214
"PER","2020-06-06",191758,4358,5301,82731
"PER","2020-06-07",196515,4757,5465,86219
"PER","2020-06-08",199696,3181,5571,89556
"PER","2020-06-09",203736,4040,5738,92929
"PER","2020-06-10",208823,5087,5903,98031
"PER","2020-06-11",214788,5965,6088,102429
"PER","2020-06-12",214788,0,6088,107133
"PER","2020-06-13",220749,5961,6308,111724
"PER","2020-06-14",229736,8987,6688,115579
"PER","2020-06-15",232992,3256,6860,119409
"RUS","2020-01-22",0,-22165,0,0
"RUS","2020-01-23",0,0,0,0
"RUS","2020-01-24",0,0,0,0
"RUS","2020-01-25",0,0,0,0
"RUS","2020-01-26",0,0,0,0
"RUS","2020-01-27",0,0,0,0
"RUS","2020-01-28",0,0,0,0
"RUS","2020-01-29",0,0,0,0
"RUS","2020-01-30",0,0,0,0
"RUS","2020-01-31",2,2,0,0
"RUS","2020-02-01",2,0,0,0
"RUS","2020-02-02",2,0,0,0
"RUS","2020-02-03",2,0,0,0
"RUS","2020-02-04",2,0,0,0
"RUS","2020-02-05",2,0,0,0
"RUS","2020-02-06",2,0,0,0
"RUS","2020-02-07",2,0,0,0
"RUS","2020-02-08",2,0,0,0
"RUS","2020-02-09",2,0,0,0
"RUS","2020-02-10",2,0,0,0
"RUS","2020-02-11",2,0,0,0
"RUS","2020-02-12",2,0,0,2
"RUS","2020-02-13",2,0,0,2
"RUS","2020-02-14",2,0,0,2
"RUS","2020-02-15",2,0,0,2
"RUS","2020-02-16",2,0,0,2
"RUS","2020-02-17",2,0,0,2
"RUS","2020-02-18",2,0,0,2
"RUS","2020-02-19",2,0,0,2
"RUS","2020-02-20",2,0,0,2
"RUS","2020-02-21",2,0,0,2
"RUS","2020-02-22",2,0,0,2
"RUS","2020-02-23",2,0,0,2
"RUS","2020-02-24",2,0,0,2
"RUS","2020-02-25",2,0,0,2
"RUS","2020-02-26",2,0,0,2
"RUS","2020-02-27",2,0,0,2
"RUS","2020-02-28",2,0,0,2
"RUS","2020-02-29",2,0,0,2
"RUS","2020-03-01",2,0,0,2
"RUS","2020-03-02",3,1,0,2
"RUS","2020-03-03",3,0,0,2
"RUS","2020-03-04",3,0,0,2
"RUS","2020-03-05",4,1,0,2
"RUS","2020-03-06",13,9,0,2
"RUS","2020-03-07",13,0,0,2
"RUS","2020-03-08",17,4,0,3
"RUS","2020-03-09",17,0,0,3
"RUS","2020-03-10",20,3,0,3
"RUS","2020-03-11",20,0,0,3
"RUS","2020-03-12",28,8,0,3
"RUS","2020-03-13",45,17,0,3
"RUS","2020-03-14",59,14,0,8
"RUS","2020-03-15",63,4,0,8
"RUS","2020-03-16",90,27,0,8
"RUS","2020-03-17",114,24,0,8
"RUS","2020-03-18",147,33,0,8
"RUS","2020-03-19",199,52,1,9
"RUS","2020-03-20",253,54,1,9
"RUS","2020-03-21",306,53,1,12
"RUS","2020-03-22",367,61,1,16
"RUS","2020-03-23",438,71,1,16
"RUS","2020-03-24",495,57,1,22
"RUS","2020-03-25",658,163,3,29
"RUS","2020-03-26",840,182,3,38
"RUS","2020-03-27",1036,196,4,45
"RUS","2020-03-28",1264,228,4,49
"RUS","2020-03-29",1534,270,8,64
"RUS","2020-03-30",1836,302,9,66
"RUS","2020-03-31",2337,501,17,121
"RUS","2020-04-01",2777,440,24,190
"RUS","2020-04-02",3548,771,30,235
"RUS","2020-04-03",4149,601,34,281
"RUS","2020-04-04",4731,582,43,333
"RUS","2020-04-05",5389,658,45,355
"RUS","2020-04-06",6343,954,47,406
"RUS","2020-04-07",7497,1154,58,494
"RUS","2020-04-08",8672,1175,63,580
"RUS","2020-04-09",10131,1459,76,698
"RUS","2020-04-10",11917,1786,94,795
"RUS","2020-04-11",13584,1667,106,1045
"RUS","2020-04-12",15770,2186,130,1291
"RUS","2020-04-13",18328,2558,148,1470
"RUS","2020-04-14",21102,2774,170,1694
"RUS","2020-04-15",24490,3388,198,1986
"RUS","2020-04-16",27938,3448,232,2304
"RUS","2020-04-17",32008,4070,273,2590
"RUS","2020-04-18",36793,4785,313,3057
"RUS","2020-04-19",42853,6060,361,3291
"RUS","2020-04-20",47121,4268,405,3446
"RUS","2020-04-21",52763,5642,456,3873
"RUS","2020-04-22",57999,5236,513,4420
"RUS","2020-04-23",62773,4774,555,4891
"RUS","2020-04-24",68622,5849,615,5568
"RUS","2020-04-25",74588,5966,681,6250
"RUS","2020-04-26",80949,6361,747,6767
"RUS","2020-04-27",87147,6198,794,7346
"RUS","2020-04-28",93558,6411,867,8456
"RUS","2020-04-29",99399,5841,972,10286
"RUS","2020-04-30",106498,7099,1073,11619
"RUS","2020-05-01",114431,7933,1169,13220
"RUS","2020-05-02",124054,9623,1222,15013
"RUS","2020-05-03",134687,10633,1280,16639
"RUS","2020-05-04",145268,10581,1356,18095
"RUS","2020-05-05",155370,10102,1451,19865
"RUS","2020-05-06",165929,10559,1537,21327
"RUS","2020-05-07",177160,11231,1625,23803
"RUS","2020-05-08",187859,10699,1723,26608
"RUS","2020-05-09",198676,10817,1827,31916
"RUS","2020-05-10",209688,11012,1915,34306
"RUS","2020-05-11",221344,11656,2009,39801
"RUS","2020-05-12",232243,10899,2116,43512
"RUS","2020-05-13",242271,10028,2212,48003
"RUS","2020-05-14",252245,9974,2305,53530
"RUS","2020-05-15",262843,10598,2418,58226
"RUS","2020-05-16",272043,9200,2537,63166
"RUS","2020-05-17",281752,9709,2631,67373
"RUS","2020-05-18",290678,8926,2722,70209
"RUS","2020-05-19",299941,9263,2837,76130
"RUS","2020-05-20",308705,8764,2972,85392
"RUS","2020-05-21",317554,8849,3099,92681
"RUS","2020-05-22",326448,8894,3249,99825
"RUS","2020-05-23",335882,9434,3388,107936
"RUS","2020-05-24",344481,8599,3541,113299
"RUS","2020-05-25",353427,8946,3633,118798
"RUS","2020-05-26",362342,8915,3807,131129
"RUS","2020-05-27",370680,8338,3968,142208
"RUS","2020-05-28",379051,8371,4142,150993
"RUS","2020-05-29",387623,8572,4374,159257
"RUS","2020-05-30",396575,8952,4555,167469
"RUS","2020-05-31",405843,9268,4693,171883
"RUS","2020-06-01",414328,8485,4849,175514
"RUS","2020-06-02",423186,8858,5031,186602
"RUS","2020-06-03",431715,8529,5208,195559
"RUS","2020-06-04",440538,8823,5376,204197
"RUS","2020-06-05",449256,8718,5520,212237
"RUS","2020-06-06",458102,8846,5717,220935
"RUS","2020-06-07",467073,8971,5851,226272
"RUS","2020-06-08",476043,8970,5963,230226
"RUS","2020-06-09",484630,8587,6134,241917
"RUS","2020-06-10",493023,8393,6350,252295
"RUS","2020-06-11",501800,8777,6522,260649
"RUS","2020-06-12",510761,8961,6705,268862
"RUS","2020-06-13",519458,8697,6819,274128
"RUS","2020-06-14",528267,8809,6938,279536
"RUS","2020-06-15",536484,8217,7081,284021
"USA","2020-01-22",1,-847,0,0
"USA","2020-01-23",1,0,0,0
"USA","2020-01-24",2,1,0,0
"USA","2020-01-25",2,0,0,0
"USA","2020-01-26",5,3,0,0
"USA","2020-01-27",5,0,0,0
"USA","2020-01-28",5,0,0,0
"USA","2020-01-29",5,0,0,0
"USA","2020-01-30",5,0,0,0
"USA","2020-01-31",7,2,0,0
"USA","2020-02-01",8,1,0,0
"USA","2020-02-02",8,0,0,0
"USA","2020-02-03",11,3,0,0
"USA","2020-02-04",11,0,0,0
"USA","2020-02-05",11,0,0,0
"USA","2020-02-06",11,0,0,0
"USA","2020-02-07",11,0,0,0
"USA","2020-02-08",11,0,0,0
"USA","2020-02-09",11,0,0,3
"USA","2020-02-10",11,0,0,3
"USA","2020-02-11",12,1,0,3
"USA","2020-02-12",12,0,0,3
"USA","2020-02-13",13,1,0,3
"USA","2020-02-14",13,0,0,3
"USA","2020-02-15",13,0,0,3
"USA","2020-02-16",13,0,0,3
"USA","2020-02-17",13,0,0,3
"USA","2020-02-18",13,0,0,3
"USA","2020-02-19",13,0,0,3
"USA","2020-02-20",13,0,0,3
"USA","2020-02-21",15,2,0,5
"USA","2020-02-22",15,0,0,5
"USA","2020-02-23",15,0,0,5
"USA","2020-02-24",15,0,0,5
"USA","2020-02-25",15,0,0,6
"USA","2020-02-26",15,0,0,6
"USA","2020-02-27",16,1,0,6
"USA","2020-02-28",16,0,0,7
"USA","2020-02-29",24,8,1,7
"USA","2020-03-01",30,6,1,7
"USA","2020-03-02",53,23,6,7
"USA","2020-03-03",73,20,7,7
"USA","2020-03-04",104,31,11,7
"USA","2020-03-05",174,70,12,7
"USA","2020-03-06",222,48,14,7
"USA","2020-03-07",337,115,17,7
"USA","2020-03-08",451,114,21,7
"USA","2020-03-09",519,68,22,7
"USA","2020-03-10",711,192,28,8
"USA","2020-03-11",1109,398,32,8
"USA","2020-03-12",1561,452,43,12
"USA","2020-03-13",2157,596,52,12
"USA","2020-03-14",2870,713,59,12
"USA","2020-03-15",2968,98,72,12
"USA","2020-03-16",4360,1392,100,17
"USA","2020-03-17",6141,1781,134,17
"USA","2020-03-18",8914,2773,191,105
"USA","2020-03-19",14153,5239,269,121
"USA","2020-03-20",19479,5326,366,147
"USA","2020-03-21",25818,6339,456,176
"USA","2020-03-22",33756,7938,600,178
"USA","2020-03-23",43845,10089,784,178
"USA","2020-03-24",54108,10263,1019,348
"USA","2020-03-25",66044,11936,1329,361
"USA","2020-03-26",84080,18036,1736,681
"USA","2020-03-27",102254,18174,2284,869
"USA","2020-03-28",122054,19800,2921,1072
"USA","2020-03-29",141194,19140,3546,2665
"USA","2020-03-30",162690,21496,4352,5644
"USA","2020-03-31",188701,26011,5568,7024
"USA","2020-04-01",214194,25493,6787,8474
"USA","2020-04-02",244593,30399,8349,9001
"USA","2020-04-03",276535,31942,9646,9707
"USA","2020-04-04",309699,33164,10912,14652
"USA","2020-04-05",337573,27874,12323,17448
"USA","2020-04-06",367210,29637,13985,19581
"USA","2020-04-07",397992,30782,16290,21763
"USA","2020-04-08",429686,31694,18369,23559
"USA","2020-04-09",464442,34756,20415,25410
"USA","2020-04-10",497943,33501,22486,28790
"USA","2020-04-11",527958,30015,24498,31270
"USA","2020-04-12",556517,28559,26238,32988
"USA","2020-04-13",581810,25293,28036,43482
"USA","2020-04-14",608845,27035,30429,47763
"USA","2020-04-15",637974,29129,32944,52096
"USA","2020-04-16",669272,31298,35031,54703
"USA","2020-04-17",701996,32724,37621,58545
"USA","2020-04-18",730317,28321,39966,64840
"USA","2020-04-19",756375,26058,41148,70337
"USA","2020-04-20",783716,27341,42918,72329
"USA","2020-04-21",809213,25497,45314,75204
"USA","2020-04-22",837414,28201,47649,77366
"USA","2020-04-23",871617,34203,49969,80203
"USA","2020-04-24",907908,36291,51746,99079
"USA","2020-04-25",940829,32921,54015,100372
"USA","2020-04-26",968517,27688,55162,106988
"USA","2020-04-27",990993,22476,56502,111424
"USA","2020-04-28",1015518,24525,58632,115936
"USA","2020-04-29",1042926,27408,61252,120720
"USA","2020-04-30",1072667,29741,63291,153947
"USA","2020-05-01",1106829,34162,65243,164015
"USA","2020-05-02",1136024,29195,66668,175382
"USA","2020-05-03",1161611,25587,67990,180152
"USA","2020-05-04",1184086,22475,69237,187180
"USA","2020-05-05",1208271,24185,71387,189791
"USA","2020-05-06",1233527,25256,73775,189910
"USA","2020-05-07",1261409,27882,75986,195036
"USA","2020-05-08",1288566,27157,77495,198993
"USA","2020-05-09",1314306,25740,79122,212534
"USA","2020-05-10",1334084,19778,79856,216169
"USA","2020-05-11",1352962,18878,81018,232733
"USA","2020-05-12",1374914,21952,82709,230287
"USA","2020-05-13",1396109,21195,84452,243430
"USA","2020-05-14",1423726,27617,86229,246414
"USA","2020-05-15",1449026,25300,87862,250747
"USA","2020-05-16",1474127,25101,89084,268376
"USA","2020-05-17",1493131,19004,89893,272265
"USA","2020-05-18",1514839,21708,90683,283178
"USA","2020-05-19",1535337,20498,92252,289392
"USA","2020-05-20",1558949,23612,93775,294312
"USA","2020-05-21",1584486,25537,95020,298418
"USA","2020-05-22",1608623,24137,96296,350135
"USA","2020-05-23",1630450,21827,97406,361239
"USA","2020-05-24",1651239,20789,98039,366736
"USA","2020-05-25",1670209,18970,98541,379157
"USA","2020-05-26",1689057,18848,99239,384902
"USA","2020-05-27",1707423,18366,100744,391508
"USA","2020-05-28",1730259,22836,101937,399991
"USA","2020-05-29",1754747,24488,103113,406446
"USA","2020-05-30",1778993,24246,104054,416461
"USA","2020-05-31",1799122,20129,104659,444758
"USA","2020-06-01",1816476,17354,105430,458231
"USA","2020-06-02",1837367,20891,106461,463868
"USA","2020-06-03",1857248,19881,107444,479258
"USA","2020-06-04",1878543,21295,108479,485002
"USA","2020-06-05",1903854,25311,109449,491706
"USA","2020-06-06",1926538,22684,110124,500849
"USA","2020-06-07",1944309,17771,110575,506367
"USA","2020-06-08",1961781,17472,111068,518522
"USA","2020-06-09",1979868,18087,112014,524855
"USA","2020-06-10",2000702,20834,112935,533504
"USA","2020-06-11",2023590,22888,113823,540292
"USA","2020-06-12",2048986,25396,114669,547386
"USA","2020-06-13",2074526,25540,115436,556606
"USA","2020-06-14",2094058,19532,115732,561816
"USA","2020-06-15",2114026,19968,116127,576334
